,Polymer,Glass+UV glue,Glass+epoxy,Glass +butyl rubber,Glass +polymer,Al2O3
Foil,0.13090222428158757,0.5873855375010372,0.2993218695625239,0.3273862664899281,0.6679026572609188,0.28732213902043585
Polymer,,0.31582951923449964,0.5894688020349124,0.04046689215780491,0.13593060089687908,0.038715089025300194
Glass+UV_glue,,,0.6220721814049504,0.16710895343721574,0.4209728176944012,0.15514084421155627
Glass+epoxy,,,,0.08386012088055127,0.25130755522747095,0.07995388378472723
Glass+butyl rubber,,,,,0.7073653028133197,0.8212984105639848
Glass+polymer,,,,,,0.5959373170939177
