,Polymer,Glass+UV glue,Glass+epoxy,Glass +butyl rubber,Glass +polymer,Al2O3
Foil,0.8798260728814391,0.8961085160841527,0.9158266298753652,0.10549008966244462,0.39919751915554436,0.11001899751450375
Polymer,,0.9695656680826252,0.6534621323149421,0.036612789728562974,0.19807256654445937,0.04756367596667425
Glass+UV_glue,,,0.6549132789121881,0.037507342075350475,0.19160967495844575,0.04654161508986839
Glass+epoxy,,,,0.0575598944465347,0.2667700582964256,0.06268965474481147
Glass+butyl rubber,,,,,0.3513602639495471,0.7975240462206367
Glass+polymer,,,,,,0.320863092374264
