,Polymer,Glass+UV glue,Glass+epoxy,Glass +butyl rubber,Glass +polymer,Al2O3
Foil,0.8225209976123702,0.5130151477098771,0.7575777127144374,0.1648394719634478,0.33911405270097206,0.09354230154271935
Polymer,,0.32119501644752046,0.531113406014144,0.10267686582231643,0.21585712849747762,0.050782766281361406
Glass+UV_glue,,,0.6457856506688795,0.3172807237540043,0.6480141738675672,0.1880179993956004
Glass+epoxy,,,,0.18976516340907237,0.40719083242650833,0.09988801289576421
Glass+butyl rubber,,,,,0.5838354436792479,0.8021569612309898
Glass+polymer,,,,,,0.41091031154006474
