,Polymer,Glass+UV glue,Glass+epoxy,Glass +butyl rubber,Glass +polymer,Al2O3
Foil,,,,,,
Polymer,,0.04694554439406309,0.07086315346537711,0.3176484254638428,0.0829778847804184,0.9892632761679079
Glass+UV_glue,,,0.9771556451605534,0.12448420326461183,0.6324900259140938,0.32367243834152243
Glass+epoxy,,,,0.09932909667206881,0.6688950442829431,0.32313123950893846
Glass+butyl rubber,,,,,0.05898942725591706,0.3999179637276523
Glass+polymer,,,,,,0.2349183178071316
