,Polymer,Glass+UV glue,Glass+epoxy,Glass +butyl rubber,Glass +polymer,Al2O3
Foil,0.5316288249699707,0.5129765967359691,0.6063917028759047,0.13409784496743993,0.7454241579767323,0.23801493455970613
Polymer,,0.9918941787284598,0.7952618139250367,0.023732868520035318,0.23958042889211922,0.05339247369256217
Glass+UV_glue,,,0.7600039330894989,0.022786433582640132,0.21226159557170118,0.04767483112002409
Glass+epoxy,,,,0.03052828605756527,0.26032701703290384,0.05763488720549019
Glass+butyl rubber,,,,,0.16787632370481814,0.8094426433932186
Glass+polymer,,,,,,0.311702793328543
