,Polymer,Glass+UV glue,Glass+epoxy,Glass +butyl rubber,Glass +polymer,Al2O3
Foil,0.13090222428158757,0.5873855375010372,0.2273452415990264,0.4534456564868885,0.8763969701382014,0.28732213902043585
Polymer,,0.31582951923449964,0.7071393645867634,0.08192968118585599,0.16989180246771418,0.038715089025300194
Glass+UV_glue,,,0.5064124868190134,0.26925136275198025,0.5589083047720129,0.15514084421155627
Glass+epoxy,,,,0.12535599040320014,0.2662730011927765,0.06256198604573483
Glass+butyl rubber,,,,,0.5838354436792479,0.8021569612309898
Glass+polymer,,,,,,0.41091031154006474
