,Polymer,Glass+UV glue,Glass+epoxy,Glass +butyl rubber,Glass +polymer,Al2O3
Foil,0.5490172937799132,0.5722366450120289,0.44299365450063644,0.04895542708399108,0.25459362320820866,0.032024963191569444
Polymer,,0.9388652330299071,0.8338354756212113,0.06616516805396436,0.41642170505180387,0.038944200687460385
Glass+UV_glue,,,0.7452578512738504,0.05651161953100008,0.3645384445121884,0.03207985639009971
Glass+epoxy,,,,0.06895147674498404,0.45019639708013515,0.038716868264804416
Glass+butyl rubber,,,,,0.24608593239262777,0.8406011952745698
Glass+polymer,,,,,,0.17201521302985356
