,Polymer,Glass+UV glue,Glass+epoxy,Glass +butyl rubber,Glass +polymer,Al2O3
Foil,0.721724546697962,0.8052572367169575,0.6976374090826425,0.034990265177506794,0.3341239442503534,0.0526775898197047
Polymer,,0.8512384415190932,0.9886416027470403,0.01593735503240543,0.37698174401079687,0.038944200687460385
Glass+UV_glue,,,0.8054918108687755,0.011029497540661305,0.29130514919104405,0.02765490660761816
Glass+epoxy,,,,0.014970799917404586,0.33415652560578424,0.030999707728938328
Glass+butyl rubber,,,,,0.1586309965136549,0.9188439108972494
Glass+polymer,,,,,,0.213025623563269
