,Polymer,Glass+UV glue,Glass+epoxy,Glass +butyl rubber,Glass +polymer,Al2O3
Foil,0.9217707255621528,0.7744556511491327,0.5482247949344305,0.2015411545686265,0.1727714761278165,0.0725097829033788
Polymer,,0.7843185091691754,0.42268116134822076,0.1575924286894839,0.09522722370552607,0.04756367596667425
Glass+UV_glue,,,0.6257342639958633,0.20651317432573243,0.14055512864975755,0.06426467649683226
Glass+epoxy,,,,0.28040344211569684,0.19933473257943515,0.08793812241659348
Glass+butyl rubber,,,,,0.925437330257949,0.5409556947541427
Glass+polymer,,,,,,0.44512011219197
