,Polymer,Glass+UV glue,Glass+epoxy,Glass +butyl rubber,Glass +polymer,Al2O3
Foil,0.9450519801953879,0.7771155924613931,0.8581366057059886,0.17595795790160743,0.6292493265315489,0.12841112252799206
Polymer,,0.7415849562150003,0.8612981042337924,0.07844078077783474,0.4571696687575393,0.047729282932624136
Glass+UV_glue,,,0.8314525341642374,0.04664076818849094,0.2974144469212146,0.026193155827545125
Glass+epoxy,,,,0.05190668471943049,0.3337536875877093,0.028390952222157213
Glass+butyl rubber,,,,,0.28331411415487734,0.8406011952745698
Glass+polymer,,,,,,0.2029907055558245
