,Polymer,Glass+UV glue,Glass+epoxy,Glass +butyl rubber,Glass +polymer,Al2O3
Foil,0.5316288249699707,0.5129765967359691,0.6489501736061363,0.25824193606679435,0.6564891783877776,0.23801493455970613
Polymer,,0.9918941787284598,0.720493036546697,0.04047460357210352,0.21064742800322808,0.05339247369256217
Glass+UV_glue,,,0.6767952118770286,0.03725183002820137,0.18894520128479836,0.04767483112002409
Glass+epoxy,,,,0.05650283423296063,0.25625251656555376,0.06393775950592627
Glass+butyl rubber,,,,,0.4574317486359516,0.7975240462206367
Glass+polymer,,,,,,0.39862015734588596
