,Polymer,Glass+UV glue,Glass+epoxy,Glass +butyl rubber,Glass +polymer,Al2O3
Foil,,,,,,
Polymer,,0.0735045323627998,0.11437072436484905,,0.19052359719609524,0.9892632761679079
Glass+UV_glue,,,0.8728141497799418,,0.5948889770220331,0.37658211301005845
Glass+epoxy,,,,,0.5498376851633303,0.41564394660854914
Glass+butyl rubber,,,,,,
Glass+polymer,,,,,,0.2767849723036289
