,Polymer,Glass+UV glue,Glass+epoxy,Glass +butyl rubber,Glass +polymer,Al2O3
Foil,0.4192496188525451,0.814830509497408,0.8808573769518186,0.2688354153409448,0.5395429905938107,0.16211745578420753
Polymer,,0.24476404992689973,0.41993148399373714,0.08192968118585599,0.16989180246771418,0.038715089025300194
Glass+UV_glue,,,0.6457856506688795,0.3172807237540043,0.6480141738675672,0.1880179993956004
Glass+epoxy,,,,0.18976516340907237,0.40719083242650833,0.09988801289576421
Glass+butyl rubber,,,,,0.5838354436792479,0.8021569612309898
Glass+polymer,,,,,,0.41091031154006474
