,Polymer,Glass+UV glue,Glass+epoxy,Glass +butyl rubber,Glass +polymer,Al2O3
Foil,,,,,,
Polymer,,0.0735045323627998,0.04187287448126051,0.3176484254638428,0.0829778847804184,0.9892632761679079
Glass+UV_glue,,,0.6658628846273318,0.13747227194671094,0.514806649703863,0.37658211301005845
Glass+epoxy,,,,0.103353270160281,0.7271131910659271,0.29365035258606026
Glass+butyl rubber,,,,,0.05898942725591706,0.3999179637276523
Glass+polymer,,,,,,0.2349183178071316
