,Polymer,Glass+UV glue,Glass+epoxy,Glass +butyl rubber,Glass +polymer,Al2O3
Foil,0.3580571957503904,0.4265968246424344,0.3100591441894675,0.031561134287336,0.17609756241378993,0.019755042947671563
Polymer,,0.8209533077557324,0.9695556843636387,0.07922445260750609,0.4875275695868242,0.04761809539471718
Glass+UV_glue,,,0.7452578512738504,0.05651161953100008,0.3645384445121884,0.03207985639009971
Glass+epoxy,,,,0.06895147674498404,0.45019639708013515,0.038716868264804416
Glass+butyl rubber,,,,,0.24608593239262777,0.8406011952745698
Glass+polymer,,,,,,0.17201521302985356
