,Polymer,Glass+UV glue,Glass+epoxy,Glass +butyl rubber,Glass +polymer,Al2O3
Foil,0.44837206344056024,0.7334124988122162,0.6013617534866554,,0.5658547523582191,
Polymer,,0.14995648350019664,0.3253369573203525,,0.6337288663606966,
Glass+UV_glue,,,0.36475334674124693,,0.5070108637720141,
Glass+epoxy,,,,,0.8394002237750867,
Glass+butyl rubber,,,,,,
Glass+polymer,,,,,,
